"","lambda","mu","nu","q","seed","crown_age","cond","site_model","clock_model","tree_prior","gen_model","best_or_gen","nltt_1","nltt_2","nltt_3","nltt_4"
"1",0.2,0,1,0.1,1,6,1,"JC69","strict","yule","bd","best",0.264061622633457,0.258826474421024,0.076555113081145,0.112516418102979
"2",0.2,0,1,0.1,1,6,1,"JC69","strict","birth_death","mbd","best",0.222941468929753,0.202500178737628,0.0924910406298654,0.14684383666522
"3",0.2,0,1,0.1,1,6,1,"JC69","strict","birth_death","bd","gen",0.264061622633457,0.224101984821826,0.125069900871589,0.158365865371457
"4",0.2,0,1,0.1,1,6,1,"JC69","strict","birth_death","mbd","gen",0.222941468929753,0.29054592972033,0.194649714645277,0.0922470331360369
"5",0.2,0,1,0.1,2,6,1,"JC69","strict","yule","bd","best",0.230240155063635,0.215724668064601,0.166214609058743,0.149005528532409
"6",0.2,0,1,0.1,2,6,1,"JC69","strict","yule","mbd","best",0.13540655519184,0.151781082284041,0.179055488081566,0.153427672479678
"7",0.2,0,1,0.1,2,6,1,"JC69","strict","birth_death","bd","gen",0.230240155063635,0.178905167265427,0.186412414896283,0.123728277695651
"8",0.2,0,1,0.1,2,6,1,"JC69","strict","birth_death","mbd","gen",0.13540655519184,0.18023303277984,0.181272087792216,0.184925158278807
"9",0.2,0,1,0.15,1,6,1,"JC69","strict","yule","bd","best",0.264061622633457,0.258826474421024,0.076555113081145,0.112516418102979
"10",0.2,0,1,0.15,1,6,1,"JC69","strict","birth_death","mbd","best",0.222941468929753,0.202500178737628,0.0924910406298654,0.14684383666522
"11",0.2,0,1,0.15,1,6,1,"JC69","strict","birth_death","bd","gen",0.264061622633457,0.224101984821826,0.125069900871589,0.158365865371457
"12",0.2,0,1,0.15,1,6,1,"JC69","strict","birth_death","mbd","gen",0.222941468929753,0.29054592972033,0.194649714645277,0.0922470331360369
"13",0.2,0,1,0.15,2,6,1,"JC69","strict","yule","bd","best",0.0407640604827748,0.110777430169577,0.036377180682888,0.0403903554125826
"14",0.2,0,1,0.15,2,6,1,"JC69","strict","yule","mbd","best",0.0372960428162248,0.0990246980576756,0.0837076769018846,0.0487256723936459
"15",0.2,0,1,0.15,2,6,1,"JC69","strict","birth_death","bd","gen",0.0407640604827748,0.0436884719873011,0.0339924179737103,0.0504135403643418
"16",0.2,0,1,0.15,2,6,1,"JC69","strict","birth_death","mbd","gen",0.0372960428162248,0.088848579314578,0.0552983153399752,0.0506759362367975
"17",0.2,0,1,0.2,1,6,1,"JC69","strict","yule","bd","best",0.264061622633457,0.258826474421024,0.076555113081145,0.112516418102979
"18",0.2,0,1,0.2,1,6,1,"JC69","strict","birth_death","mbd","best",0.222941468929753,0.202500178737628,0.0924910406298654,0.14684383666522
"19",0.2,0,1,0.2,1,6,1,"JC69","strict","birth_death","bd","gen",0.264061622633457,0.224101984821826,0.125069900871589,0.158365865371457
"20",0.2,0,1,0.2,1,6,1,"JC69","strict","birth_death","mbd","gen",0.222941468929753,0.29054592972033,0.194649714645277,0.0922470331360369
"21",0.2,0,1,0.2,2,6,1,"GTR","strict","birth_death","bd","best",0.185261008051247,0.213721941546491,0.228034592636328,0.21074553841166
"22",0.2,0,1,0.2,2,6,1,"GTR","strict","birth_death","mbd","best",0.090076228341102,0.124135451922163,0.138530438275434,0.10852708976623
"23",0.2,0,1,0.2,2,6,1,"JC69","strict","birth_death","bd","gen",0.185261008051247,0.192763573931215,0.197977019316954,0.182512645137611
"24",0.2,0,1,0.2,2,6,1,"JC69","strict","birth_death","mbd","gen",0.090076228341102,0.142133090142955,0.143651644980053,0.139221541234488
"25",0.2,0,1.5,0.1,1,6,1,"JC69","strict","birth_death","bd","best",0.213411300791529,0.290690904756147,0.271876808834195,0.292237299073084
"26",0.2,0,1.5,0.1,1,6,1,"JC69","strict","birth_death","mbd","best",0.16863223626772,0.0912625471976587,0.0349472916300941,0.0613004982312457
"27",0.2,0,1.5,0.1,1,6,1,"JC69","strict","birth_death","bd","gen",0.213411300791529,0.294453970970724,0.285601341336794,0.293116899078259
"28",0.2,0,1.5,0.1,1,6,1,"JC69","strict","birth_death","mbd","gen",0.16863223626772,0.130197217191657,0.0634373297670962,0.0513094575341602
"29",0.2,0,1.5,0.1,2,6,1,"GTR","strict","birth_death","bd","best",0.299867685313184,0.323307369440705,0.287786945015442,0.216386146224256
"30",0.2,0,1.5,0.1,2,6,1,"JC69","strict","birth_death","mbd","best",0.183198971702073,0.228826910447853,0.173056275141654,0.116094771696499
"31",0.2,0,1.5,0.1,2,6,1,"JC69","strict","birth_death","bd","gen",0.299867685313184,0.354799409302515,0.282896102026479,0.271930117384655
"32",0.2,0,1.5,0.1,2,6,1,"JC69","strict","birth_death","mbd","gen",0.183198971702073,0.212234634513065,0.199715052966912,0.154485287462742
"33",0.2,0,1.5,0.15,1,6,1,"JC69","strict","yule","bd","best",0.30220309039374,0.26223135404797,0.26678283655556,0.262451006817964
"34",0.2,0,1.5,0.15,1,6,1,"JC69","strict","yule","mbd","best",0.273604342060407,0.262257364027356,0.246353228160658,0.250097889988514
"35",0.2,0,1.5,0.15,1,6,1,"JC69","strict","birth_death","bd","gen",0.30220309039374,0.30159808615881,0.291964541333951,0.284264701669389
"36",0.2,0,1.5,0.15,1,6,1,"JC69","strict","birth_death","mbd","gen",0.273604342060407,0.236784415192406,0.219130650276021,0.212969073550721
"37",0.2,0,1.5,0.15,2,6,1,"JC69","strict","yule","bd","best",0.312474538785406,0.354946302694356,0.339999147454767,0.295923435225797
"38",0.2,0,1.5,0.15,2,6,1,"JC69","strict","yule","mbd","best",0.242849370307477,0.266401531814211,0.222669216925074,0.0779615696472288
"39",0.2,0,1.5,0.15,2,6,1,"JC69","strict","birth_death","bd","gen",0.323013725585255,0.36952630576001,0.360665623388154,0.350669526629249
"40",0.2,0,1.5,0.15,2,6,1,"JC69","strict","birth_death","mbd","gen",0.242849370307477,0.264623198676358,0.256554881264905,0.125532238740123
"41",0.2,0,1.5,0.2,1,6,1,"JC69","strict","yule","bd","best",0.1550655835052,0.13982268671441,0.0984076590811812,0.0687564039932031
"42",0.2,0,1.5,0.2,1,6,1,"JC69","strict","birth_death","mbd","best",0.132130810679113,0.103851967398123,0.0792132910711694,0.0691776694229604
"43",0.2,0,1.5,0.2,1,6,1,"JC69","strict","birth_death","bd","gen",0.1550655835052,0.0933779130934473,0.0600213629448914,0.0476524870472392
"44",0.2,0,1.5,0.2,1,6,1,"JC69","strict","birth_death","mbd","gen",0.132130810679113,0.179382797190651,0.177443422384565,0.175179856942528
"45",0.2,0,1.5,0.2,2,6,1,"JC69","strict","yule","bd","best",0.244340361131913,0.298667834823726,0.298675544165267,0.301642733029006
"46",0.2,0,1.5,0.2,2,6,1,"JC69","strict","yule","mbd","best",0.168417052329192,0.202663722301579,0.212125147626972,0.187407587195201
"47",0.2,0,1.5,0.2,2,6,1,"JC69","strict","birth_death","bd","gen",0.244340361131913,0.310016679741835,0.319729743696072,0.31928197144629
"48",0.2,0,1.5,0.2,2,6,1,"JC69","strict","birth_death","mbd","gen",0.168417052329192,0.228486934598262,0.230571360972437,0.232356043899361
"49",0.2,0,2,0.1,1,6,1,"JC69","strict","yule","bd","best",0.227097447049387,0.227783996385836,0.215244509511334,0.0959324232897144
"50",0.2,0,2,0.1,1,6,1,"JC69","strict","yule","mbd","best",0.202640862697535,0.233144069177346,0.241516904820996,0.185079675422336
"51",0.2,0,2,0.1,1,6,1,"JC69","strict","birth_death","bd","gen",0.227097447049387,0.238830007704478,0.230605734385506,0.184607518995032
"52",0.2,0,2,0.1,1,6,1,"JC69","strict","birth_death","mbd","gen",0.202640862697535,0.2352155133872,0.2047082978971,0.184916953098342
"53",0.2,0,2,0.1,2,6,1,"GTR","strict","birth_death","bd","best",0.228421800549358,0.283066364028522,0.259067329123922,0.183623840080612
"54",0.2,0,2,0.1,2,6,1,"GTR","strict","birth_death","mbd","best",0.196725394716025,0.218742681165236,0.200136812580007,0.222015317105628
"55",0.2,0,2,0.1,2,6,1,"JC69","strict","birth_death","bd","gen",0.228421800549358,0.289334219291751,0.298863680741237,0.295213665481409
"56",0.2,0,2,0.1,2,6,1,"JC69","strict","birth_death","mbd","gen",0.196725394716025,0.237204494949106,0.265546387420931,0.244591943608661
"57",0.2,0,2,0.15,1,6,1,"GTR","strict","birth_death","bd","best",0.123216659058059,0.169765640451615,0.171024475478986,0.172882332472009
"58",0.2,0,2,0.15,1,6,1,"JC69","strict","yule","mbd","best",0.123087677849536,0.174397087754845,0.170954146066831,0.169537526471076
"59",0.2,0,2,0.15,1,6,1,"JC69","strict","birth_death","bd","gen",0.123216659058059,0.153584413721973,0.148683848836479,0.138671306538316
"60",0.2,0,2,0.15,1,6,1,"JC69","strict","birth_death","mbd","gen",0.123087677849536,0.149832949948228,0.141919369343017,0.159413128814586
"61",0.2,0,2,0.15,2,6,1,"GTR","strict","birth_death","bd","best",0.210526122839867,0.264945883350989,0.246507381696515,0.255014073275404
"62",0.2,0,2,0.15,2,6,1,"GTR","strict","birth_death","mbd","best",0.188247600120569,0.208359493339793,0.187151052870822,0.155593090993517
"63",0.2,0,2,0.15,2,6,1,"JC69","strict","birth_death","bd","gen",0.210526122839867,0.258219101067283,0.217310567586175,0.19963350769341
"64",0.2,0,2,0.15,2,6,1,"JC69","strict","birth_death","mbd","gen",0.188247600120569,0.241184597547536,0.219467377991737,0.23537512604784
"65",0.2,0,2,0.2,1,6,1,"JC69","strict","yule","bd","best",0.126999586005652,0.183390097433735,0.13139710653743,0.130231812784783
"66",0.2,0,2,0.2,1,6,1,"JC69","strict","yule","mbd","best",0.0979114583544286,0.176026883496269,0.170547209014716,0.159580935065142
"67",0.2,0,2,0.2,1,6,1,"JC69","strict","birth_death","bd","gen",0.126999586005652,0.212470784879865,0.213025171461401,0.217195021725738
"68",0.2,0,2,0.2,1,6,1,"JC69","strict","birth_death","mbd","gen",0.0979114583544286,0.162912299263696,0.171317795259553,0.150525198488226
"69",0.2,0,2,0.2,2,6,1,"JC69","strict","birth_death","bd","best",0.19388834942153,0.237996319840484,0.230301849654127,0.235412617299676
"70",0.2,0,2,0.2,2,6,1,"JC69","strict","yule","mbd","best",0.180594654884591,0.188693468774902,0.165976967064394,0.127454792875166
"71",0.2,0,2,0.2,2,6,1,"JC69","strict","birth_death","bd","gen",0.19388834942153,0.223797058461835,0.23288588072125,0.226024248800002
"72",0.2,0,2,0.2,2,6,1,"JC69","strict","birth_death","mbd","gen",0.180594654884591,0.248423071392826,0.250167897184348,0.250004817921446
"73",0.2,0,2.5,0.1,1,6,1,"GTR","strict","birth_death","bd","best",0.195880668479168,0.250698933728685,0.265004347839474,0.255967937866775
"74",0.2,0,2.5,0.1,1,6,1,"JC69","strict","birth_death","mbd","best",0.176023524238526,0.196986019316945,0.189163150729972,0.226174568220746
"75",0.2,0,2.5,0.1,1,6,1,"JC69","strict","birth_death","bd","gen",0.195880668479168,0.251271417689371,0.244320991717199,0.2360226486632
"76",0.2,0,2.5,0.1,1,6,1,"JC69","strict","birth_death","mbd","gen",0.176023524238526,0.208019632048868,0.181791480299231,0.16585372975282
"77",0.2,0,2.5,0.1,2,6,1,"JC69","strict","yule","bd","best",0.266502898727214,0.27032843148485,0.268167995048659,0.263668942924132
"78",0.2,0,2.5,0.1,2,6,1,"GTR","strict","birth_death","mbd","best",0.231295510853651,0.194236087840523,0.176700151765524,0.179515541002025
"79",0.2,0,2.5,0.1,2,6,1,"JC69","strict","birth_death","bd","gen",0.266502898727214,0.263954428612523,0.254292548985184,0.260566247184042
"80",0.2,0,2.5,0.1,2,6,1,"JC69","strict","birth_death","mbd","gen",0.231295510853651,0.195470523173208,0.17338562854998,0.171291534534343
"81",0.2,0,2.5,0.15,1,6,1,"JC69","strict","yule","bd","best",0.196327812330821,0.213201151821629,0.210747224032616,0.20474297563048
"82",0.2,0,2.5,0.15,1,6,1,"JC69","strict","yule","mbd","best",0.199610868563856,0.191058472418565,0.182940758867036,0.180314906345906
"83",0.2,0,2.5,0.15,1,6,1,"JC69","strict","birth_death","bd","gen",0.196327812330821,0.195147459207148,0.187656552819829,0.183204891334494
"84",0.2,0,2.5,0.15,1,6,1,"JC69","strict","birth_death","mbd","gen",0.199610868563856,0.179714990895696,0.185088832072578,0.183930367116761
"85",0.2,0,2.5,0.15,2,6,1,"JC69","strict","birth_death","bd","best",0.0969758095143728,0.128486454374645,0.129636122771989,0.125933117906323
"86",0.2,0,2.5,0.15,2,6,1,"GTR","strict","birth_death","mbd","best",0.106212516208777,0.148523955481517,0.146463635478673,0.146489372465988
"87",0.2,0,2.5,0.15,2,6,1,"JC69","strict","birth_death","bd","gen",0.0969758095143728,0.136548245801337,0.140965937801527,0.132681190702515
"88",0.2,0,2.5,0.15,2,6,1,"JC69","strict","birth_death","mbd","gen",0.106212516208777,0.0846487700940132,0.0886290149401907,0.0928899450452562
"89",0.2,0,2.5,0.2,1,6,1,"JC69","strict","birth_death","bd","best",0.228401990999578,0.228495352066277,0.227510397688481,0.226919968983565
"90",0.2,0,2.5,0.2,1,6,1,"JC69","strict","yule","mbd","best",0.21996232625127,0.213654262324419,0.211354597536033,0.211988109822909
"91",0.2,0,2.5,0.2,1,6,1,"JC69","strict","birth_death","bd","gen",0.228401990999578,0.221318526414382,0.225302896017878,0.223173717823659
"92",0.2,0,2.5,0.2,1,6,1,"JC69","strict","birth_death","mbd","gen",0.21996232625127,0.209633033679628,0.206843042549694,0.205988943305458
"93",0.2,0,2.5,0.2,2,6,1,"JC69","strict","birth_death","bd","best",0.170362971794818,0.173221984904209,0.175812566280483,0.171155063460662
"94",0.2,0,2.5,0.2,2,6,1,"JC69","strict","yule","mbd","best",0.16380071247383,0.175937583799037,0.17578988229089,0.182087951801527
"95",0.2,0,2.5,0.2,2,6,1,"JC69","strict","birth_death","bd","gen",0.170362971794818,0.203129524191171,0.200199575994378,0.191359822903711
"96",0.2,0,2.5,0.2,2,6,1,"JC69","strict","birth_death","mbd","gen",0.16380071247383,0.145850744510947,0.147010602878193,0.135672571186211
"97",0.2,0.15,1,0.1,1,6,1,"JC69","strict","yule","bd","best",0.0439855143311955,0.0795016055155013,0.0435570160662081,0.0453239483748239
"98",0.2,0.15,1,0.1,1,6,1,"GTR","strict","birth_death","mbd","best",0.0342726202060027,0.0811679623264318,0.0902096896170017,0.176836232969355
"99",0.2,0.15,1,0.1,1,6,1,"JC69","strict","birth_death","bd","gen",0.0540311407615582,0.0819464339925054,0.0791625445976136,0.111838959045159
"100",0.2,0.15,1,0.1,1,6,1,"JC69","strict","birth_death","mbd","gen",0.0342726202060027,0.0945151653199044,0.0858772149516243,0.0861374151260204
"101",0.2,0.15,1,0.1,2,6,1,"JC69","strict","birth_death","bd","best",0.233256344202073,0.284279345858796,0.253973707419347,0.247845511194171
"102",0.2,0.15,1,0.1,2,6,1,"JC69","strict","yule","mbd","best",0.0925697537796994,0.113637716253064,0.0523111091518905,0.146399479966599
"103",0.2,0.15,1,0.1,2,6,1,"JC69","strict","birth_death","bd","gen",0.233256344202073,0.293055245072197,0.320314799361481,0.306032961832188
"104",0.2,0.15,1,0.1,2,6,1,"JC69","strict","birth_death","mbd","gen",0.0925697537796994,0.145931771322292,0.168037328913271,0.166828758607663
"105",0.2,0.15,1,0.15,1,6,1,"GTR","strict","birth_death","bd","best",0.217595644965629,0.256055552169658,0.234079004894261,0.206044909863522
"106",0.2,0.15,1,0.15,1,6,1,"JC69","strict","yule","mbd","best",0.171410586211439,0.237090510888238,0.206016962452987,0.199239108721095
"107",0.2,0.15,1,0.15,1,6,1,"JC69","strict","birth_death","bd","gen",0.217595644965629,0.201456721533963,0.145699263673206,0.100940826182222
"108",0.2,0.15,1,0.15,1,6,1,"JC69","strict","birth_death","mbd","gen",0.171410586211439,0.185860784748587,0.135172129959138,0.0899185950492002
"109",0.2,0.15,1,0.15,2,6,1,"GTR","strict","birth_death","bd","best",0.0792746423995075,0.163948470666362,0.125110731858551,0.154103206174561
"110",0.2,0.15,1,0.15,2,6,1,"GTR","strict","birth_death","mbd","best",0.0875119223995075,0.0592974971944994,0.145659647038343,0.184271479598821
"111",0.2,0.15,1,0.15,2,6,1,"JC69","strict","birth_death","bd","gen",0.0792746423995075,0.185299268845553,0.19148351777453,0.170553800111351
"112",0.2,0.15,1,0.15,2,6,1,"JC69","strict","birth_death","mbd","gen",0.0875119223995075,0.178777527902947,0.0904674685084153,0.128741403109417
"113",0.2,0.15,1,0.2,1,6,1,"GTR","strict","birth_death","bd","best",0.146088224982128,0.194184004514445,0.19723031081409,0.196699119931986
"114",0.2,0.15,1,0.2,1,6,1,"GTR","strict","birth_death","mbd","best",0.155282199081227,0.17551706780163,0.150927626200581,0.133941409906917
"115",0.2,0.15,1,0.2,1,6,1,"JC69","strict","birth_death","bd","gen",0.146088224982128,0.192831379690719,0.187141784984675,0.194491724049193
"116",0.2,0.15,1,0.2,1,6,1,"JC69","strict","birth_death","mbd","gen",0.155282199081227,0.175504169654647,0.159795503596596,0.164694156580405
"117",0.2,0.15,1,0.2,2,6,1,"GTR","strict","birth_death","bd","best",0.203279804196366,0.24840777238074,0.259368451846784,0.24482197489352
"118",0.2,0.15,1,0.2,2,6,1,"GTR","strict","birth_death","mbd","best",0.111868838183253,0.182745597613078,0.184501696133977,0.172331588413724
"119",0.2,0.15,1,0.2,2,6,1,"JC69","strict","birth_death","bd","gen",0.203279804196366,0.245282896082423,0.257217241415626,0.278666351301474
"120",0.2,0.15,1,0.2,2,6,1,"JC69","strict","birth_death","mbd","gen",0.111868838183253,0.171419907049381,0.14952521606622,0.122903026739967
"121",0.2,0.15,1.5,0.1,1,6,1,"JC69","strict","birth_death","bd","best",0.274251091892716,0.285207596531197,0.125794228141502,0.132683590356339
"122",0.2,0.15,1.5,0.1,1,6,1,"JC69","strict","birth_death","mbd","best",0.298673156522346,0.318532859396599,0.279240528678852,0.183472750064713
"123",0.2,0.15,1.5,0.1,1,6,1,"JC69","strict","birth_death","bd","gen",0.274251091892716,0.238196872767991,0.030451564488426,0.0930908073101439
"124",0.2,0.15,1.5,0.1,1,6,1,"JC69","strict","birth_death","mbd","gen",0.298673156522346,0.176289549555723,0.161238761835569,0.068306263864295
"125",0.2,0.15,1.5,0.1,2,6,1,"JC69","strict","birth_death","bd","best",0.0317470970582824,0.0945050265272779,0.086720732853637,0.0980452846675817
"126",0.2,0.15,1.5,0.1,2,6,1,"JC69","strict","yule","mbd","best",0.0586446399936034,0.089649320992822,0.0274423452494173,0.0331947072271774
"127",0.2,0.15,1.5,0.1,2,6,1,"JC69","strict","birth_death","bd","gen",0.0317470970582824,0.087427417670914,0.0843281892590852,0.095196119467831
"128",0.2,0.15,1.5,0.1,2,6,1,"JC69","strict","birth_death","mbd","gen",0.0586446399936034,0.0365682172615992,0.0512209446151032,0.0671092508712287
"129",0.2,0.15,1.5,0.15,1,6,1,"JC69","strict","yule","bd","best",0.295717666733793,0.346937541158773,0.19560515473737,0.184298410030616
"130",0.2,0.15,1.5,0.15,1,6,1,"JC69","strict","birth_death","mbd","best",0.27640452140046,0.342845109867564,0.241592290278935,0.117950688904697
"131",0.2,0.15,1.5,0.15,1,6,1,"JC69","strict","birth_death","bd","gen",0.295717666733793,0.353814551485262,0.340596019604322,0.306431504201178
"132",0.2,0.15,1.5,0.15,1,6,1,"JC69","strict","birth_death","mbd","gen",0.27640452140046,0.362665211257914,0.252913809406885,0.272431360253394
"133",0.2,0.15,1.5,0.15,2,6,1,"GTR","strict","birth_death","bd","best",0.139015196087652,0.288102305812613,0.295923583226291,0.278337798733376
"134",0.2,0.15,1.5,0.15,2,6,1,"JC69","strict","birth_death","mbd","best",0.15439819270329,0.24705462882153,0.239143054442039,0.187489726608995
"135",0.2,0.15,1.5,0.15,2,6,1,"JC69","strict","birth_death","bd","gen",0.139015196087652,0.273811377038326,0.285114053582449,0.26894958454262
"136",0.2,0.15,1.5,0.15,2,6,1,"JC69","strict","birth_death","mbd","gen",0.15439819270329,0.214973321734635,0.26296243396292,0.255725800021044
"137",0.2,0.15,1.5,0.2,1,6,1,"JC69","strict","birth_death","bd","best",0.288553042423926,0.285720874252018,0.267253051464852,0.235394178525562
"138",0.2,0.15,1.5,0.2,1,6,1,"JC69","strict","yule","mbd","best",0.204161518187379,0.216180380558767,0.213645534990482,0.180694529877229
"139",0.2,0.15,1.5,0.2,1,6,1,"JC69","strict","birth_death","bd","gen",0.288553042423926,0.275236346739028,0.277243827260611,0.250973303960159
"140",0.2,0.15,1.5,0.2,1,6,1,"JC69","strict","birth_death","mbd","gen",0.204161518187379,0.193636563820644,0.178862496524999,0.152063395645665
"141",0.2,0.15,1.5,0.2,2,6,1,"GTR","strict","birth_death","bd","best",0.248880229836483,0.257062648150026,0.283000927870381,0.232172748607569
"142",0.2,0.15,1.5,0.2,2,6,1,"JC69","strict","birth_death","mbd","best",0.200652127574579,0.23747741156433,0.231393389265405,0.234454954987458
"143",0.2,0.15,1.5,0.2,2,6,1,"JC69","strict","birth_death","bd","gen",0.248880229836483,0.269485117662827,0.281484871543883,0.252193959870055
"144",0.2,0.15,1.5,0.2,2,6,1,"JC69","strict","birth_death","mbd","gen",0.200652127574579,0.255245392604872,0.262438301273038,0.257605631578147
"145",0.2,0.15,2,0.1,1,6,1,"JC69","strict","yule","bd","best",0.202382127629206,0.184054443097836,0.15333576987052,0.149533808623136
"146",0.2,0.15,2,0.1,1,6,1,"GTR","strict","birth_death","mbd","best",0.143752954087539,0.16789869207178,0.140094576097828,0.159557263740628
"147",0.2,0.15,2,0.1,1,6,1,"JC69","strict","birth_death","bd","gen",0.202382127629206,0.176998669948704,0.0991732965079145,0.095990673904302
"148",0.2,0.15,2,0.1,1,6,1,"JC69","strict","birth_death","mbd","gen",0.143752954087539,0.122155624494144,0.095419540946065,0.0749702313332683
"149",0.2,0.15,2,0.1,2,6,1,"JC69","strict","birth_death","bd","best",0.246923191622198,0.214451930906636,0.212382968055913,0.132127041104434
"150",0.2,0.15,2,0.1,2,6,1,"GTR","strict","birth_death","mbd","best",0.178182200669817,0.203809659137428,0.221336390002741,0.211521178611815
"151",0.2,0.15,2,0.1,2,6,1,"JC69","strict","birth_death","bd","gen",0.246923191622198,0.280755058057807,0.268014347127825,0.27825105369346
"152",0.2,0.15,2,0.1,2,6,1,"JC69","strict","birth_death","mbd","gen",0.178182200669817,0.213594963431319,0.222429662972019,0.203426871106277
"153",0.2,0.15,2,0.15,1,6,1,"GTR","strict","birth_death","bd","best",0.257915543369931,0.259724739640188,0.257026454532781,0.259392438992229
"154",0.2,0.15,2,0.15,1,6,1,"JC69","strict","yule","mbd","best",0.214035141881835,0.196859435068006,0.18888747072358,0.169076018045247
"155",0.2,0.15,2,0.15,1,6,1,"JC69","strict","birth_death","bd","gen",0.257915543369931,0.246212080438622,0.249843073253934,0.240201333770396
"156",0.2,0.15,2,0.15,1,6,1,"JC69","strict","birth_death","mbd","gen",0.214035141881835,0.20561658697693,0.199715601201972,0.199330153117803
"157",0.2,0.15,2,0.15,2,6,1,"GTR","strict","birth_death","bd","best",0.237473263354135,0.239681600765392,0.219283463876601,0.182086348846186
"158",0.2,0.15,2,0.15,2,6,1,"JC69","strict","birth_death","mbd","best",0.150412380229135,0.225740180964283,0.226508062070938,0.215148871237219
"159",0.2,0.15,2,0.15,2,6,1,"JC69","strict","birth_death","bd","gen",0.237473263354135,0.286705470842301,0.291628481720013,0.2891063214764
"160",0.2,0.15,2,0.15,2,6,1,"JC69","strict","birth_death","mbd","gen",0.150412380229135,0.175376336963416,0.179601302449013,0.156700734535912
"161",0.2,0.15,2,0.2,1,6,1,"GTR","strict","birth_death","bd","best",0.261017589854481,0.238665101143016,0.249245829582935,0.197102550020282
"162",0.2,0.15,2,0.2,1,6,1,"JC69","strict","birth_death","mbd","best",0.154912803535037,0.175083510658063,0.155028660641363,0.160908232876074
"163",0.2,0.15,2,0.2,1,6,1,"JC69","strict","birth_death","bd","gen",0.261017589854481,0.204395844980248,0.189554362357191,0.177332074226967
"164",0.2,0.15,2,0.2,1,6,1,"JC69","strict","birth_death","mbd","gen",0.154912803535037,0.12806128531161,0.0833320015470287,0.0805183677081269
"165",0.2,0.15,2,0.2,2,6,1,"GTR","strict","birth_death","bd","best",0.196304771799359,0.235411569552049,0.24473268148398,0.236739339168497
"166",0.2,0.15,2,0.2,2,6,1,"GTR","strict","birth_death","mbd","best",0.202144364896999,0.205530839934885,0.182304468411225,0.210920073658133
"167",0.2,0.15,2,0.2,2,6,1,"JC69","strict","birth_death","bd","gen",0.196304771799359,0.228263271750742,0.220754308429316,0.22166892064109
"168",0.2,0.15,2,0.2,2,6,1,"JC69","strict","birth_death","mbd","gen",0.202144364896999,0.226924785035317,0.233696244329948,0.224810003110514
"169",0.2,0.15,2.5,0.1,1,6,1,"GTR","strict","birth_death","bd","best",0.274630342448272,0.330143136803569,0.293857015467453,0.28367759740653
"170",0.2,0.15,2.5,0.1,1,6,1,"GTR","strict","birth_death","mbd","best",0.301844441151976,0.327451522299526,0.123814148582214,0.144103141100313
"171",0.2,0.15,2.5,0.1,1,6,1,"JC69","strict","birth_death","bd","gen",0.274630342448272,0.3409652634459,0.251446587053051,0.314472517197741
"172",0.2,0.15,2.5,0.1,1,6,1,"JC69","strict","birth_death","mbd","gen",0.301844441151976,0.356528835647665,0.350299883915159,0.302116320398786
"173",0.2,0.15,2.5,0.1,2,6,1,"JC69","strict","birth_death","bd","best",0.158639389553043,0.155900004961403,0.189673683765361,0.224297860577771
"174",0.2,0.15,2.5,0.1,2,6,1,"JC69","strict","yule","mbd","best",0.118386134992551,0.194083803188903,0.171757426403212,0.201013245450952
"175",0.2,0.15,2.5,0.1,2,6,1,"JC69","strict","birth_death","bd","gen",0.158639389553043,0.198677073754571,0.22548931909972,0.198027749083842
"176",0.2,0.15,2.5,0.1,2,6,1,"JC69","strict","birth_death","mbd","gen",0.118386134992551,0.179872436219658,0.0295326285543255,0.131987015908044
"177",0.2,0.15,2.5,0.15,1,6,1,"JC69","strict","birth_death","bd","best",0.0363773717487385,0.0930925483656783,0.0856700457431045,0.14454509761548
"178",0.2,0.15,2.5,0.15,1,6,1,"JC69","strict","birth_death","mbd","best",0.0340782529320804,0.0616382181690732,0.0605711533730374,0.0626740311432954
"179",0.2,0.15,2.5,0.15,1,6,1,"JC69","strict","birth_death","bd","gen",0.0363773717487385,0.0938135732169926,0.0873752207719907,0.0964686531144992
"180",0.2,0.15,2.5,0.15,1,6,1,"JC69","strict","birth_death","mbd","gen",0.0340782529320804,0.0636763413754578,0.0470914340073125,0.0382055500697999
"181",0.2,0.15,2.5,0.15,2,6,1,"JC69","strict","birth_death","bd","best",0.241982733705943,0.249267326235039,0.241053294298105,0.217994396810854
"182",0.2,0.15,2.5,0.15,2,6,1,"JC69","strict","birth_death","mbd","best",0.2437645409709,0.251216181725696,0.244842705470457,0.241663033749423
"183",0.2,0.15,2.5,0.15,2,6,1,"JC69","strict","birth_death","bd","gen",0.241982733705943,0.236665339756898,0.219656999821356,0.210685922420146
"184",0.2,0.15,2.5,0.15,2,6,1,"JC69","strict","birth_death","mbd","gen",0.2437645409709,0.248896336295109,0.252899924754364,0.255074510329576
"185",0.2,0.15,2.5,0.2,1,6,1,"GTR","strict","birth_death","bd","best",0.185286569270845,0.202969869586435,0.202543937072776,0.202700923468344
"186",0.2,0.15,2.5,0.2,1,6,1,"JC69","strict","yule","mbd","best",0.189379801208515,0.17908376309153,0.184798583568416,0.188825306294365
"187",0.2,0.15,2.5,0.2,1,6,1,"JC69","strict","birth_death","bd","gen",0.185286569270845,0.195260897827269,0.189542089793748,0.195548641971332
"188",0.2,0.15,2.5,0.2,1,6,1,"JC69","strict","birth_death","mbd","gen",0.189379801208515,0.189316884500797,0.193070565997642,0.196525276467779
"189",0.2,0.15,2.5,0.2,2,6,1,"JC69","strict","birth_death","bd","best",0.234579769542056,0.256691266293318,0.2543671418123,0.250404868954278
"190",0.2,0.15,2.5,0.2,2,6,1,"JC69","strict","yule","mbd","best",0.264374401002861,0.287523746673161,0.282772360572938,0.276019670181443
"191",0.2,0.15,2.5,0.2,2,6,1,"JC69","strict","birth_death","bd","gen",0.234579769542056,0.276890391225233,0.267346922427332,0.263701366079368
"192",0.2,0.15,2.5,0.2,2,6,1,"JC69","strict","birth_death","mbd","gen",0.264374401002861,0.284577234918525,0.294519086231199,0.290682115655835
